WLED-101	10.201.12.11/24
WLED-234	10.201.12.12/24
WLED-235	10.201.12.13/24
WLED-236	10.201.12.14/24
WLED-237	10.201.12.15/24
WLED-238	10.201.12.16/24
WLED-239	10.201.12.17/24
WLED-102	10.201.12.18/24
WLED-240	10.201.12.19/24
WLED-241	10.201.12.20/24
WLED-242	10.201.12.21/24
WLED-103	10.201.12.22/24
WLED-243	10.201.12.23/24
WLED-104	10.201.12.24/24
WLED-244	10.201.12.25/24
WLED-245	10.201.12.26/24
WLED-105	10.201.12.27/24
WLED-246	10.201.12.28/24
WLED-247	10.201.12.29/24
WLED-106	10.201.12.30/24
WLED-248	10.201.12.31/24
WLED-107	10.201.12.32/24
WLED-250	10.201.12.33/24
WLED-108	10.201.12.34/24
WLED-251	10.201.12.35/24
WLED-109	10.201.12.36/24
WLED-252	10.201.12.37/24
WLED-110	10.201.12.38/24
WLED-253	10.201.12.39/24
WLED-111	10.201.12.40/24
WLED-255	10.201.12.41/24
WLED-112	10.201.12.42/24
WLED-257	10.201.12.43/24
WLED-113	10.201.12.44/24
WLED-114	10.201.12.45/24
WLED-258	10.201.12.46/24
WLED-115	10.201.12.47/24
WLED-259	10.201.12.48/24
WLED-116	10.201.12.49/24
WLED-260	10.201.12.50/24
WLED-117	10.201.12.51/24
WLED-118	10.201.12.52/24
WLED-261	10.201.12.53/24
WLED-119	10.201.12.54/24
WLED-263	10.201.12.55/24
WLED-265	10.201.12.56/24
WLED-266	10.201.12.57/24
WLED-120	10.201.12.58/24
WLED-268	10.201.12.59/24
WLED-121	10.201.12.60/24
WLED-269	10.201.12.61/24
WLED-270	10.201.12.62/24
WLED-271	10.201.12.63/24
WLED-272	10.201.12.64/24
WLED-274	10.201.12.65/24
WLED-322	10.201.12.66/24
WLED-323	10.201.12.67/24
WLED-324	10.201.12.68/24
WLED-325	10.201.12.69/24
WLED-426	10.201.12.70/24
WLED-427	10.201.12.71/24
WLED-428	10.201.12.72/24
WLED-429	10.201.12.73/24
WLED-530	10.201.12.74/24
WLED-531	10.201.12.75/24
WLED-532	10.201.12.76/24
WLED-533	10.201.12.77/24